{
  "canvas_size": 1024,
  "object_box": {
    "x": -0.2236328125,
    "y": 0.1494140625,
    "width": 1.4462890625,
    "height": 0.69921875
  }
}