{
  "canvas_size": 1024,
  "object_box": {
    "x": 0.2275390625,
    "y": 0.1494140625,
    "width": 0.5439453125,
    "height": 0.69921875
  }
}