{
  "canvas_size": 1024,
  "object_box": {
    "x": -0.142578125,
    "y": 0.1494140625,
    "width": 1.28515625,
    "height": 0.69921875
  }
}