{
  "canvas_size": 1024,
  "object_box": {
    "x": 0.412109375,
    "y": 0.1494140625,
    "width": 0.1748046875,
    "height": 0.69921875
  }
}