{
  "canvas_size": 1024,
  "object_box": {
    "x": 0.2197265625,
    "y": 0.1494140625,
    "width": 0.560546875,
    "height": 0.69921875
  }
}