{
  "canvas_size": 1024,
  "object_box": {
    "x": 0.1552734375,
    "y": 0.1494140625,
    "width": 0.6884765625,
    "height": 0.69921875
  }
}