{
  "canvas_size": 1024,
  "object_box": {
    "x": -0.068359375,
    "y": 0.1494140625,
    "width": 1.1357421875,
    "height": 0.69921875
  }
}