{
  "canvas_size": 1024,
  "object_box": {
    "x": 0.279296875,
    "y": 0.1494140625,
    "width": 0.4404296875,
    "height": 0.69921875
  }
}