{
  "canvas_size": 1024,
  "object_box": {
    "x": 0.3232421875,
    "y": 0.1494140625,
    "width": 0.3525390625,
    "height": 0.69921875
  }
}