{
  "canvas_size": 1024,
  "object_box": {
    "x": 0.2333984375,
    "y": 0.1494140625,
    "width": 0.5322265625,
    "height": 0.69921875
  }
}