{
  "canvas_size": 1024,
  "object_box": {
    "x": 0.171875,
    "y": 0.1494140625,
    "width": 0.65625,
    "height": 0.6982421875
  }
}