{
  "canvas_size": 1024,
  "object_box": {
    "x": 0.263671875,
    "y": 0.1494140625,
    "width": 0.47265625,
    "height": 0.69921875
  }
}