{
  "canvas_size": 1024,
  "object_box": {
    "x": 0.1826171875,
    "y": 0.1494140625,
    "width": 0.6337890625,
    "height": 0.69921875
  }
}