{
  "canvas_size": 1024,
  "object_box": {
    "x": 0.15625,
    "y": 0.1494140625,
    "width": 0.6865234375,
    "height": 0.69921875
  }
}