{
  "canvas_size": 1024,
  "object_box": {
    "x": 0.3466796875,
    "y": 0.1494140625,
    "width": 0.306640625,
    "height": 0.69921875
  }
}