{
  "canvas_size": 1024,
  "object_box": {
    "x": -0.005859375,
    "y": 0.1494140625,
    "width": 1.0107421875,
    "height": 0.69921875
  }
}