{
  "canvas_size": 1024,
  "object_box": {
    "x": -0.3076171875,
    "y": 0.1494140625,
    "width": 1.6142578125,
    "height": 0.69921875
  }
}