{
  "canvas_size": 1024,
  "object_box": {
    "x": 0.26953125,
    "y": 0.1494140625,
    "width": 0.4609375,
    "height": 0.69921875
  }
}