{
  "canvas_size": 1024,
  "object_box": {
    "x": 0.2939453125,
    "y": 0.1494140625,
    "width": 0.4111328125,
    "height": 0.69921875
  }
}