{
  "canvas_size": 1024,
  "object_box": {
    "x": -0.087890625,
    "y": 0.1494140625,
    "width": 1.1748046875,
    "height": 0.69921875
  }
}