{
  "canvas_size": 1024,
  "object_box": {
    "x": 0.1064453125,
    "y": 0.1494140625,
    "width": 0.7861328125,
    "height": 0.69921875
  }
}