{
  "canvas_size": 1024,
  "object_box": {
    "x": -1.412109375,
    "y": 0.1494140625,
    "width": 3.82421875,
    "height": 0.69921875
  }
}