{
  "canvas_size": 1024,
  "object_box": {
    "x": 0.13671875,
    "y": 0.1494140625,
    "width": 0.7255859375,
    "height": 0.69921875
  }
}