{
  "canvas_size": 1024,
  "object_box": {
    "x": -0.080078125,
    "y": 0.1494140625,
    "width": 1.16015625,
    "height": 0.69921875
  }
}