{
  "canvas_size": 1024,
  "object_box": {
    "x": -0.5703125,
    "y": 0.1494140625,
    "width": 2.1396484375,
    "height": 0.69921875
  }
}