{
  "canvas_size": 1024,
  "object_box": {
    "x": -0.47265625,
    "y": 0.1494140625,
    "width": 1.9443359375,
    "height": 0.69921875
  }
}