{
  "canvas_size": 1024,
  "object_box": {
    "x": 0.0380859375,
    "y": 0.1494140625,
    "width": 0.923828125,
    "height": 0.69921875
  }
}