{
  "canvas_size": 1024,
  "object_box": {
    "x": 0.2001953125,
    "y": 0.1494140625,
    "width": 0.5986328125,
    "height": 0.69921875
  }
}